Key,Flag,Pos,Speaker,RealSpeaker,WwiseEventID,zh_CN,disable,"",Id,Priority,Duration,TempDuration
2,,0,猫汐尔,,,思考中……是指那些树状泰坦结晶喵？,0,,,,,
2,,0,猫汐尔,,,泰坦出现得越来越频繁，前辈也会害怕喵？,0,,,,,
41,,2,猫汐尔,,,探索是比验证更有意义的活动喵。,0,,,,,
42,,2,猫汐尔,,,嗯，本人确实没有痛觉，这是一种神经系统发育缺陷……,0,,,,,
43,,2,猫汐尔,,,把手伸进去会怎样？毫无疑问会导致死亡发生。死亡似乎也是未曾探索的领域……有点……好奇。,0,,,,,
1,,0,猫汐尔,,,低区简直比地面上还阴暗喵。,0,,,,,
2,,0,猫汐尔,,,比起住人更适合……,0,,,,,
4,,0,猫汐尔,,,我们要劝劝架吗？,0,,,,,
6,,0,猫汐尔,,,不愧是前辈喵。,0,,,,,
2,,0,猫汐尔,,,人类就是这种生物吧，热衷同类间的竞争。,0,,,,,
3,,0,猫汐尔,,,有对我们开枪的勇气，却不敢面对泰坦喵。,0,,,,,
1,,0,猫汐尔,,,“崇高的勇敢中也会生出恶意，因此人是应当被克服的一种东西。”,0,,,,,
2,,0,猫汐尔,,,“反抗——这是在奴隶身上显示的高贵……”,0,,,,,
4,,0,猫汐尔,,,在回忆我读过的一本书。,0,,,,,
2,,0,猫汐尔,,,也可能并不是为了把泰坦拦在外面。,0,,,,,
3,,0,猫汐尔,,,前辈，果然……冲我们开火了。,0,,,,,
2,,0,猫汐尔,,,我猜不管是什么人，只要靠近都会遭到攻击。,0,,,,,
3,,0,猫汐尔,,,狼有这种护食的习性。,0,,,,,
2,,0,猫汐尔,,,泰坦污染很强，他们的信号时断时续，正在持续连接中。,0,,,,,
1,,0,猫汐尔,,,前辈，我这边好像遇到了一点小麻烦。,0,,,,,
3,,0,猫汐尔,,,郊狼是怎么把机甲运到这里的喵？,0,,,,,
4,,0,猫汐尔,,,看来战前准备十分充分。,0,,,,,
1,,0,猫汐尔,,,这边也发现有泰坦侵入。,0,,,,,
1,,0,猫汐尔,,,郊狼占领了机房，准备断开楼间区的桥梁。,0,,,,,
4,,0,猫汐尔,,,收到指令。,0,,,,,
11,,4,猫汐尔,,,觉得枪不好用喵？还是说前辈十分享受痛殴泰坦的快意？,0,,,,,
13,,4,猫汐尔,,,前辈是为什么回到海姆达尔部队的喵？,0,,,,,
14,,4,猫汐尔,,,难道是发觉自己无法适应正常生活，患上了创伤后应激障碍？,0,,,,,
16,,4,猫汐尔,,,前辈，面部拟态肌开始轻微抽动，代表这个话题并不令人愉快。,0,,,,,
17,,4,猫汐尔,,,海姆达尔部队新上任的指挥官，听说是个性格不错的人。,0,,,,,
19,,4,猫汐尔,,,聊一聊隐私八卦难道不是人类在共同工作时的社交礼仪？,0,,,,,
20,,4,猫汐尔,,,通过透露一些无关轻重的隐私内容来试探对方是否值得信任。,0,,,,,
22,,4,猫汐尔,,,这么说，前辈认为我们已经是可以相互信任的挚友喵？,0,,,,,
24,,4,猫汐尔,,,承认会让交谈过于暧昧，否定好像也不符合事实，这个问题确实难以回答。,0,,,,,
25,,4,猫汐尔,,,……,0,,,,,
26,,4,猫汐尔,,,天楼的事态发展成如今这样，跟那位分析员所执行的任务，有相当强烈的联系。,0,,,,,
28,,4,猫汐尔,,,我把它叫做“多线程思维”，在提升大脑性能上效果十分显著。,0,,,,,
29,,4,猫汐尔,,,不过在降临团占据这里时，情况仅仅从表面分析，确实没有恶化到这个程度。,0,,,,,
32,,4,猫汐尔,,,降临团势力退场后，郊狼和天楼原住民立刻产生了将对方从这个世界抹除的念头，只是还没有付诸实践。,0,,,,,
33,,4,猫汐尔,,,对峙牵制了双方的武装力量，因此导致泰坦和异化人冲破底层防御设施，进入到了楼体内。,0,,,,,
34,,4,猫汐尔,,,前辈，与其说隐患，不如说这里原本就只是维持着脆弱的平衡。,0,,,,,
36,,4,猫汐尔,,,即使会有很多人在这场拯救行动中失去生命？,0,,,,,
38,,4,猫汐尔,,,对了，前辈，你刚才说到正义性，要怎样判断一个行为是否正义呢？,0,,,,,
40,,4,猫汐尔,,,可是在这个时代，要操纵大多数人的想法也不是不可能喵？,0,,,,,
41,,4,猫汐尔,,,信息茧房、大数据、舆论引导……,0,,,,,
42,,4,猫汐尔,,,真相被扭曲的同时，大多数人的正义也会被扭曲。,0,,,,,
45,,4,猫汐尔,,,了解。,0,,,,,
53,,4,猫汐尔,,,用嗅觉感官分析是否存在带有危险气味的信息素。,0,,,,,
54,,4,猫汐尔,,,感觉不出来喵。,0,,,,,
55,,4,猫汐尔,,,前辈，去调查一下吧，直觉告诉我会很有趣。,0,,,,,
1,,4,猫汐尔,,,已经换装“倒头就睡”，锁定目标完毕。,0,,,,,
3,,4,猫汐尔,,,局势看起来很紧张喵。,0,,,,,
5,,4,猫汐尔,,,双方都用枪指着对方，按照科幻小说的理论，难道不会陷入猜疑链吗？,0,,,,,
6,,4,猫汐尔,,,按照这个方向推论，发生交火只是时间问题。,0,,,,,
8,,4,猫汐尔,,,逐光者的无人机，真的会在这里出现喵？,0,,,,,
24,,4,猫汐尔,,,无人机，果然像前辈说的那样又出现了。,0,,,,,
25,,4,猫汐尔,,,它正准备向郊狼开火，挑起双方冲突。还有一台伴飞的摄像机型，都被我一并击落了。,0,,,,,
27,,4,猫汐尔,,,但是前辈，如果逐光者释放更多无人机，即使是我也没有那么多线程一一击落。,0,,,,,
29,,4,猫汐尔,,,明白。,0,,,,,
15,,0,猫汐尔,,,三台无人机，那么需要分出三个线程来锁定飞行轨迹。,0,,,,,
16,,0,猫汐尔,,,右手？嗯，损伤比例过高，存在功能障碍，无法继续正常使用。,0,,,,,
23,,5,猫汐尔,,,现在向我发泄情绪不能对你产生任何价值。,0,,,,,
24,,5,猫汐尔,,,你就是名为爱思特，绰号“秃鹫”的郊狼首领吗？,0,,,,,
26,,5,猫汐尔,,,你的手下与天楼居民产生交火的概率，正在伴随时间参数不断递增。,0,,,,,
44,,5,猫汐尔,,,在天楼的声场环境中，声波的散射衰减非常快，凭借大喊阻止双方交火的概率趋近于零。,0,,,,,
46,,5,猫汐尔,,,这种思路还真是奇怪喵。,0,,,,,
47,,5,猫汐尔,,,好像有一个词汇适合用在这里，嗯……,0,,,,,
48,,5,猫汐尔,,,“无能狂怒”。,0,,,,,
23,,3,猫汐尔,,,你好像无视了我的存在喵。,0,,,,,
24,,3,猫汐尔,,,在进行电车难题的测试时，我的通常选项是拉下拉杆。,0,,,,,
25,,3,猫汐尔,,,换成更容易被人类理解的话来说，在你下达使冲突扩大的命令之前，我会向你开枪，并且没有道德负担。,0,,,,,
2,,0,猫汐尔,,,被逼上绝路的生物总会想尽办法求生，既是本能，也是诉求。,0,,,,,
4,,0,猫汐尔,,,前辈嘴上这么说，下手却没有以前果决了喵。,0,,,,,
2,,0,猫汐尔,,,前辈这种预知危险的能力一直值得信赖。,0,,,,,
49,,2,猫汐尔,,,人类聚集在一起，吃喝玩乐，点亮灯笼就能有机会获得更好的未来吗？这算是一种超能力吗？嗯……可以研究一下。,0,,,,,
5,,5,猫汐尔,,,是你啊！头可以“防弹”的大叔！,0,,,,,
6,,5,猫汐尔,,,可以让我摸摸你的光头吗？很想研究一下它的构造，和其他的头有什么区别！,0,,,,,
1,,4,猫汐尔,,,为什么偏偏挑选在人群聚集的正中央开始实施救助行动喵？,0,,,,,
2,,4,猫汐尔,,,这并不符合分析员行动指示的宗旨，也会大大降低救援行动的成功率。,0,,,,,
4,,4,猫汐尔,,,不认同。天启能力并没有未卜先知这种特性，即使是你也无法预估在战局上出现的意外。,0,,,,,
5,,4,猫汐尔,,,你怎么知道你不会失败？,0,,,,,
10,,4,猫汐尔,,,无法理解，根据不同战况执行推荐的战术行动才是最优解。,0,,,,,
11,,4,猫汐尔,,,仅仅因为你不切实际的预测就改变战术……这不合理。,0,,,,,
15,,4,猫汐尔,,,如果是学习那些并不能给战斗带来增益的多余动作，我拒绝。,0,,,,,
10,,0,猫汐尔,,,明灯节有燃灯祈福的习俗，据说对着天工福灯祈愿，愿望更容易实现。当然这些并没有科学依据，只是你们人类的一厢情愿。,0,,,,,
8,,5,猫汐尔,,,准确来说，是从“导入数据资料”那里，分析员开始站在你身后的。,0,,,,,
10,,5,猫汐尔,,,出卖？什么出卖？,0,,,,,
13,,5,猫汐尔,,,我不认同分析员的看法。,0,,,,,
14,,5,猫汐尔,,,分析员没有制定获取天工福灯纪念品的具体规则。,0,,,,,
15,,5,猫汐尔,,,芙提雅拆解并复刻纪念品，这是她自己的能力，我并不认为运用自己的能力取得胜利是作弊。,0,,,,,
19,,5,猫汐尔,,,震惊！原来分析员之前在摊位上问了那么多关于天工福灯的问题，都是在拖延时间！,0,,,,,
21,,5,猫汐尔,,,猫汐尔，震怒！,0,,,,,
16,,0,猫汐尔,,,人类留下记忆的方式还真是独特喵，大脑的构造……想了解！,0,,,,,
72,,6,猫汐尔泳装,,,茉莉安一定是想趁我们还在睡觉，自己一个人独享分析员喵。,0,,,,,
80,,0,猫汐尔＆琴诺,,,……,0,,,,,
88,b-2-1-3,5,猫汐尔泳装,,,我倒是希望自己能再多长两斤肉喵，当然，是在特定的位置。,0,,,,,
96,b-2-2-6,0,猫汐尔＆琴诺,,,……,0,,,,,
44,,9,猫汐尔泳装,,,你还真好糊弄喵。,0,,,,,
45,,6,猫汐尔泳装,,,在变成故事中唯一的女主角前，我是不会满足的喵。,0,,,,,
47,,6,猫汐尔泳装,,,当然，依据分析员的需求，我也可以放松标准。,0,,,,,
70,,9,猫汐尔泳装,,,狡猾喵，居然用这种借口接近分析员。,0,,,,,
83,,9,猫汐尔泳装,,,我也有点困了喵……,0,,,,,
35,,6,猫汐尔泳装,,,喵。,0,,,,,
65,,3,猫汐尔泳装,,,茉莉安，做得好喵。,0,,,,,
26,,4,猫汐尔泳装,,,旗开得胜喵。,0,,,,,
54,,6,猫汐尔泳装,,,分析员，你为什么要冲着我和琴诺中间的空气笑出声？,0,,,,,
56,b-1-1-0,6,猫汐尔泳装,,,有的哦，别人可能不会注意到，但我一直在盯着你看喵。,0,,,,,
57,b-1-1-1,6,猫汐尔泳装,,,是在幻想莫尔索穿泳装的样子吗？,0,,,,,
62,b-1-1-6,5,猫汐尔泳装,,,实在是令人佩服喵，也就只有你能面不改色地给出这样的回答了。,0,,,,,
66,b-1-1-10,6,猫汐尔泳装,,,你看，又对着空气坏笑了喵。,0,,,,,
69,b-1-2-0,6,猫汐尔泳装,,,是没有实体的幽灵吗？那我也来感知一下喵。,0,,,,,
70,b-1-2-1,6,猫汐尔泳装,,,唔喵喵喵……,0,,,,,
71,b-1-2-2,6,猫汐尔泳装,,,喵！我看到了。,0,,,,,
73,b-1-2-4,6,猫汐尔泳装,,,是拥有性感双腿的朔州女孩呢。,0,,,,,
77,,1,猫汐尔泳装,,,要面对现实了喵，可是我又不擅长料理。,0,,,,,
82,,1,猫汐尔泳装,,,时间比预想中的还要紧一些喵，看来现在就得行动了。,0,,,,,
83,,1,猫汐尔泳装,,,分析员，先走一步喵。,0,,,,,
102,,0,猫汐尔,,,不妙，我亲手为分析员剥的虾仁不见了喵。,0,,,,,
113,,0,猫汐尔,,,那样的话口感可能会变差喵。,0,,,,,
124,,0,猫汐尔,,,啊，我的虾仁从冰淇淋的缺口处滑出来了喵。,0,,,,,
131,,0,猫汐尔,,,唔喵！我亲手剥的虾仁落到桌子上了。,0,,,,,
151,,6,猫汐尔泳装,,,那我的海味部分呢？能打多少分喵？,0,,,,,
157,,6,猫汐尔泳装,,,为了找到带籽的大虾，我可是差点落到海里呢。,0,,,,,
161,,6,猫汐尔泳装,,,有点不卫生喵。,0,,,,,
178,,5,猫汐尔泳装,,,能松口气的只有我们喵。,0,,,,,
185,,4,猫汐尔泳装,,,分析员这么快就走了喵……,0,,,,,
221,,4,猫汐尔泳装,,,提示——紫队的抽签已经结束，请分析员做好参与下一轮游戏的准备——,0,,,,,
223,,4,猫汐尔泳装,,,但是，如果继续把分析员留在那里不是很危险喵？那里都是些段位很高的女人。,0,,,,,
226,,6,猫汐尔泳装,,,唔喵——,0,,,,,
10,,4,猫汐尔泳装,,,那就赶快为拉低总分道歉吧。,0,,,,,
12,,6,猫汐尔泳装,,,没有诚意喵，至少要在分析员面前脱掉——,0,,,,,
14,,6,猫汐尔泳装,,,唔喵——,0,,,,,
16,,6,猫汐尔泳装,,,我错了喵……,0,,,,,
25,,6,猫汐尔泳装,,,潜水……我不喜欢把自己弄得湿漉漉的喵。,0,,,,,
27,,5,猫汐尔泳装,,,修正，我又不是猫……只是单纯讨厌那种冷冰冰的感觉罢了喵。,0,,,,,
39,,9,猫汐尔泳装,,,但是这里真的好冷喵……分析员的热量，就快要不够用了。,0,,,,,
46,,0,猫汐尔,,,有很多独立的房间喵，宝藏就藏在其中的一间吧。,0,,,,,
51,,6,猫汐尔泳装,,,唔喵——！,0,,,,,
53,,4,猫汐尔泳装,,,好大的噪音，我的感知增幅装置完全失灵了。,0,,,,,
56,,0,茉莉安＆猫汐尔,,,……,0,,,,,
68,,0,茉莉安＆猫汐尔,,,是！,0,,,,,
72,,0,茉莉安＆猫汐尔,,,明白！,0,,,,,
78,,6,猫汐尔泳装,,,她们现在这会儿估计正躲在监控后面笑话我们。,0,,,,,
83,,6,猫汐尔泳装,,,分析员希望我这么做吗……理论上的确可以，不过对面坐镇的可是芙提雅喵。,0,,,,,
87,,6,猫汐尔泳装,,,唔喵！那就让我来尝试一下吧。,0,,,,,
93,,6,猫汐尔泳装,,,入侵成功，现在整座岛上10％的系统控制权已经在我们手中了喵。,0,,,,,
94,,6,猫汐尔泳装,,,虽然看似只有一点点，但是用来找到宝箱已经够了。,0,,,,,
97,,6,猫汐尔泳装,,,呼噜噜，根据监控显示，宝箱就在7号房间顶上的通风管道中。,0,,,,,
100,,6,猫汐尔泳装,,,不，稳妥起见还是我去喵。,0,,,,,
101,,6,猫汐尔泳装,,,虽然很不想承认，但是论起娇小，还是我更胜一筹。,0,,,,,
103,,6,猫汐尔泳装,,,当然，我也不是白去的，报酬是要分析员的十次摸头，可以分期支付。,0,,,,,
110,,6,猫汐尔泳装,,,主要是分析员的主意。,0,,,,,
2,,4,猫汐尔泳装,,,你漏了“恭喜恭喜”。,0,,,,,
5,,6,猫汐尔泳装,,,不过，这次的礼盒里没有卡片喵。,0,,,,,
20,,6,猫汐尔泳装,,,真是卫城学院高材生独有的恶趣味呢喵。,0,,,,,
30,,6,猫汐尔泳装,,,我来接住飞盘喵。,0,,,,,
32,,6,猫汐尔泳装,,,嗯，明白了喵。,0,,,,,
52,,9,猫汐尔泳装,,,唔喵！,0,,,,,
57,,9,猫汐尔泳装,,,分析员小心！！！,0,,,,,
60,,4,猫汐尔泳装,,,居然是道具赛喵……,0,,,,,
90,,3,猫汐尔泳装,,,这下应该稳了喵。,0,,,,,
3,,6,猫汐尔泳装,,,嗯，毫无悬念吧。,0,,,,,
30,,5,猫汐尔泳装,,,居然把脑机接口藏在这种位置了喵……,0,,,,,
74,,6,猫汐尔泳装,,,小孩子别看这段喵。,0,,,,,
7,,5,猫汐尔泳装,,,但准确来说，只是单向的文字通信。,0,,,,,
28,,6,猫汐尔泳装,,,芙提雅，安静喵！,0,,,,,
60,,5,猫汐尔泳装,,,但下落的角度有些不妙喵……,0,,,,,
77,,5,猫汐尔泳装,,,恩雅姐笑什么？,0,,,,,
70,,6,猫汐尔泳装,,,等了这么久，总算是轮到了我上场了喵。,0,,,,,
72,,5,猫汐尔泳装,,,保险起见，要不要趁现在去把对面的主力选手还有分析员干掉，这样就能直接获胜了喵。,0,,,,,
75,,6,猫汐尔泳装,,,开个玩笑，别当真。,0,,,,,
83,,6,猫汐尔泳装,,,但是，如果继续把分析员留在那里不是很危险喵？那里都是些段位很高的女人。,0,,,,,
85,,5,猫汐尔泳装,,,保险起见，要不要趁现在去把对面的主力给干掉，这样就能直接获胜了喵。,0,,,,,
222,,6,猫汐尔泳装,,,嗯嗯，的确不会有什么问题喵。,0,,,,,
224,,6,猫汐尔泳装,,,早就找到了哦，之前不是说过了喵，无论你走到哪我都能感受到你的存在。,0,,,,,
242,,6,猫汐尔泳装,,,赞同喵，反正定规则的人是卡罗琳，到时候分析员去说一声就行了吧。,0,,,,,
256,,0,猫汐尔,,,唔喵，死死抓住了。,0,,,,,
268,,6,猫汐尔泳装,,,是大人的泳装派对喵，小个子禁止参与。,0,,,,,
89,,3,猫汐尔溯影,,,这个应该没问题喵，原理上和清醒梦差不多。,0,,,,,
31,,6,猫汐尔溯影,6,,数据结果也出来了，大概是因为那个画面对她的冲击力太强，她现在完全没办法想起其他的东西。,0,,,,,
34,,0,猫汐尔溯影,6,,目前看来是这样的。,0,,,,,
81,,9,猫汐尔溯影,6,,真难办喵。,0,,,,,
22,,6,猫汐尔病号服,,Play_Vo_dlc14ep1_girl012_01,放心喵，分析员的身体和精神状况一直都在仪器监测中，各项数值都在正常的标准范围内浮动。,0,,,,,
24,,6,猫汐尔病号服,,Play_Vo_dlc14ep1_girl012_02,肴，你和分析员的<orange>意识恒定</>已经完成了喵。,0,,,,,
25,,6,猫汐尔病号服,,Play_Vo_dlc14ep1_girl012_03,按照陶董的叮嘱……,0,,,,,
40,,4,猫汐尔病号服,,Play_Vo_dlc14ep1_girl012_04,我在还原喵。还原肴的动作，可以用于辅助分析……肴到底说了什么。,0,,,,,
42,,4,猫汐尔病号服,,Play_Vo_dlc14ep1_girl012_05,结果是不知道喵。,0,,,,,
44,,4,猫汐尔病号服,,Play_Vo_dlc14ep1_girl012_06,不是所有的推论都能得到结果。这是很正常的事情喵，芬妮要学会接受。,0,,,,,
46,,4,猫汐尔病号服,,Play_Vo_dlc14ep1_girl012_07,……人类的话真难理解喵。,0,,,,,
49,,6,猫汐尔病号服,,Play_Vo_dlc14ep1_girl012_08,肴的恒定已经完成，我得走了。芙提雅老师的秘密武器已经到了开发的最后冲刺阶段喵，猫汐尔必须去帮忙。,0,,,,,
29,,5,猫汐尔病号服,,Play_Vo_dlc14ep4_girl012_01,……,0,,,,,
32,,6,猫汐尔病号服,,Play_Vo_dlc14ep4_girl012_02,由芙提雅老师开发，安卡希雅命名的“线下单杀”程序第一时间就启动了喵，追踪定位已经完成。,0,,,,,
33,,6,猫汐尔病号服,,Play_Vo_dlc14ep4_girl012_03,半分钟前，最近的无人攻击编队已经朝锁定位置发起过第一波试探性攻击。更多的无人编队正在向指定位置聚集。,0,,,,,
34,,6,猫汐尔病号服,,Play_Vo_dlc14ep4_girl012_04,那些机器已经交给安卡希雅接管了，她会在我们抵达目的地前打开空域通道。,0,,,,,
36,,6,猫汐尔溯影,,Play_Vo_dlc14ep6_girl012_01,分析员，不要只看芙提雅喵。,0,,,,,
8,,4,猫汐尔泳装,,,抛开分析员的确实力超群这个事实不谈，建议严查。,0,,,,,
39,,9,猫汐尔病号服,,,打扰了喵。,0,,,,,
41,,5,猫汐尔病号服,,,我们为分析员制作了海洋主题的甜品，之前度假的时候分析员吃得很开心呢喵！这次是同主题的布丁。,0,,,,,
8,,6,猫汐尔泳装,,,分析员，你的通讯终端响了喵。,0,,,,,
11,,6,猫汐尔泳装,,,线绷断了。,0,,,,,
12,,6,猫汐尔泳装,,,这就是所谓的鱼与熊掌不可兼得吗？,0,,,,,
27,,6,猫汐尔泳装,,,分析员，有奇怪的家伙靠近了喵。,0,,,,,
34,,6,猫汐尔泳装,,,这些机器人好像失控了，要干掉它们吗？,0,,,,,
38,,6,猫汐尔泳装,,,收到喵。,0,,,,,
39,,6,猫汐尔泳装,,,另外，分析员，你有没有听见远处的动静。,0,,,,,
56,,5,猫汐尔泳装,,,你的担心是多余的，分析员被我保护的很好哦喵。,0,,,,,
68,,6,猫汐尔泳装,,,啊，是没什么收藏价值的谜之无人机，原来你会说话喵。,0,,,,,
81,b-17-2-2,3,猫汐尔泳装,,,我们这边也有天才黑客喵。,0,,,,,
95,,0,猫汐尔泳装,,,并不是这样的，在卫城学院中曾经流传过一个说法。,0,,,,,
96,,0,猫汐尔泳装,,,香蒲人消失的时间点，刚好和岛屿北面祭坛建设完成的时间吻合。,0,,,,,
102,,5,猫汐尔泳装,,,只是一个过去流行的假说而已，不过因为太过于不切实际，所以没多久就被人淡忘了。,0,,,,,
116,,6,猫汐尔泳装,,,听说是例行进行服务器检查时被抓住的，用你们人类的话来说，就是“倒霉孩子”喵。,0,,,,,
128,,6,猫汐尔泳装,,,那就不管那个部员好了，我倒是有办法绕过屏蔽系统直接联系到芙提雅。,0,,,,,
130,,6,猫汐尔泳装,,,当然可以，我至少也算半个技术人员喵，不过倒是有可能被那个黑客发现。,0,,,,,
139,,6,猫汐尔泳装,,,喵？,0,,,,,
141,,6,猫汐尔泳装,,,没问题喵。,0,,,,,
23,,6,猫汐尔泳装,,,恰恰相反，我们只是在她的指挥下又转了一圈而已。,0,,,,,
28,,5,猫汐尔泳装,,,我从分析员那部被打烂的通讯终端中恢复了部分通讯记录。,0,,,,,
29,,5,猫汐尔泳装,,,其中就有部员小姐的通讯识别码，那个识别码貌似正好可以绕过屏蔽。,0,,,,,
47,,6,猫汐尔泳装,,,……,0,,,,,
49,,2,猫汐尔泳装,,,总觉得好像在哪里听过这个名字……,0,,,,,
51,,2,猫汐尔泳装,,,也许吧，不过果然还是很在意喵。,0,,,,,
57,,6,猫汐尔泳装,,,……,0,,,,,
61,,6,猫汐尔泳装,,,……,0,,,,,
63,,6,猫汐尔泳装,,,分析员，接下来要留意那个叫安提的维修部员。,0,,,,,
65,,6,猫汐尔泳装,,,我不确定，但是能绕开屏障且至今没有被发现的人，一定不简单。,0,,,,,
66,,6,猫汐尔泳装,,,而且她很了解你，知道你一定会去拯救“无辜”的她。,0,,,,,
45,,6,猫汐尔泳装,,,喵？,0,,,,,
47,,6,猫汐尔泳装,,,安提给我们发送了一条简讯内容是……海底机房的坐标。,0,,,,,
12,,5,猫汐尔泳装,,,雅卢岛上以及附近海域并没有火山。,0,,,,,
17,,5,猫汐尔泳装,,,目前没有可靠证据能证明成年病曾经爆发过喵。,0,,,,,
19,,5,猫汐尔泳装,,,先不说这块石板上的文字能否作为证据喵。,0,,,,,
20,,5,猫汐尔泳装,,,首先，这个岛屿已经被开发过了。,0,,,,,
21,,5,猫汐尔泳装,,,如果真有什么重大发现的话，早就刊登论文了。,0,,,,,
24,,5,猫汐尔泳装,,,说得通吗？确实，但也缺乏实质性证据，比如染病身亡的遗骸或者晶体什么的。,0,,,,,
27,,5,猫汐尔泳装,,,那就等找到下一块石板再说吧，上面说不定会有新线索。,0,,,,,
29,,6,猫汐尔泳装,,,嗯，这块石板上面的信息，并不完整喵。,0,,,,,
30,,6,猫汐尔泳装,,,岛上一定还有其他类似的石板……,0,,,,,
11,,6,猫汐尔泳装,,,这里应该指的是“空壳”吧。,0,,,,,
12,,6,猫汐尔泳装,,,香蒲族人制造的巨大工程石傀儡，传说中它们拥有切割搬运石材的惊人力量。,0,,,,,
13,,6,猫汐尔泳装,,,顺带一提，位于遗迹区的祭坛就是由它们亲手搭建的，很了不起吧。,0,,,,,
17,,5,猫汐尔泳装,,,是喵？我倒是想亲眼见一见那些真正的“空壳”，现在岛屿上的净是些仿品。,0,,,,,
21,,5,猫汐尔泳装,,,不排除这种可能，虽说香蒲人创造人工智能的可能性几乎为零。,0,,,,,
22,,5,猫汐尔泳装,,,但将记忆与人格剥离出肉体的技术却不止有一种。,0,,,,,
24,,5,猫汐尔泳装,,,嗯，说不定香蒲人掌握了类似的技术。,0,,,,,
31,,4,猫汐尔泳装,,,完全不理解。,0,,,,,
35,,6,猫汐尔泳装,,,喵？,0,,,,,
37,,6,猫汐尔泳装,,,唔……我会把他拆掉，然后打包带回公司研究。,0,,,,,
39,,0,猫汐尔泳装,,,那就先给分析员道个歉好了。,0,,,,,
40,,0,猫汐尔泳装,,,但是在那之前，我想和他对话。,0,,,,,
41,,0,猫汐尔泳装,,,这个世界上还没有活过一千岁的人，他应该知道很多东西。,0,,,,,
42,,0,猫汐尔泳装,,,同时，也有很多想说的话吧……我会等它说完再拆了他的。,0,,,,,
45,,0,猫汐尔,,,有喵，分析员？,0,,,,,
17,,6,猫汐尔泳装,,,但是我觉得这样也挺好的。,0,,,,,
18,,6,猫汐尔泳装,,,如果无论如何都要被莫名其妙的疾病夺走生命的话，那么任谁都会渴望存在“另一个世界”吧。,0,,,,,
19,,6,猫汐尔泳装,,,神使只是在满足他们身为人类最根本的也是最后的诉求罢了，所谓的真相已经不重要了。,0,,,,,
22,,5,猫汐尔泳装,,,无法反驳喵，确实，有时候为了能够“活下去”，人类会主动舍弃部分曾经的自我。,0,,,,,
26,,6,猫汐尔泳装,,,喵？,0,,,,,
37,,0,猫汐尔泳装,,,出海说……吗？,0,,,,,
45,,6,猫汐尔泳装,,,是啊，我差点忘记了，我在卫城学院的时候学过，香蒲族正是以这样的方式来到这个岛屿上的。,0,,,,,
46,,6,猫汐尔泳装,,,所以在数千年后，为了活下去，他们再次扬帆起航了吗？,0,,,,,
10,,9,猫汐尔泳装,,,看样子是的，要提起来看看吗？,0,,,,,
14,,9,猫汐尔泳装,,,嗯嗯，水面也没什么大的动静喵。,0,,,,,
15,,9,猫汐尔泳装,,,呼——到底还要等多久，已经守了两个小时了。,0,,,,,
16,,9,猫汐尔泳装,,,真会有人类选择在约会时钓鱼吗……啊，忘记了，好像是我自己选的。,0,,,,,
19,,9,猫汐尔泳装,,,喵？,0,,,,,
21,,6,猫汐尔泳装,,,只能看到后背……,0,,,,,
22,,6,猫汐尔泳装,,,……,0,,,,,
23,,6,猫汐尔泳装,,,那还要再看看前面吗？,0,,,,,
25,,6,猫汐尔泳装,,,当然，摸摸也可以喵，反正在鱼咬钩之前，分析员也用不到双手吧。,0,,,,,
28,,6,猫汐尔泳装,,,嗯，分析员怎么这副表情，这不是人类情侣在约会中常做的事情吗？,0,,,,,
32,,6,猫汐尔泳装,,,场合？,0,,,,,
33,,6,猫汐尔泳装,,,这片沙滩，不，这个岛上现在只有我们俩吧。,0,,,,,
34,,6,猫汐尔泳装,,,应该是可以尽情做舒服的事情的场合喵。,0,,,,,
38,,6,猫汐尔泳装,,,嘘——,0,,,,,
40,,6,猫汐尔泳装,,,真是奇怪。,0,,,,,
41,,6,猫汐尔泳装,,,虽然嘴上说着“要注意场合”，但分析员的心跳却砰砰砰，砰砰砰地跳个不停呢。,0,,,,,
43,,6,猫汐尔泳装,,,哼哼，可别小看我对分析员的洞察力。,0,,,,,
45,,9,猫汐尔泳装,,,嗯……,0,,,,,
46,,9,猫汐尔泳装,,,很近，我和分析员之间，只剩下两毫米的距离了。,0,,,,,
47,,9,猫汐尔泳装,,,耳朵里全部都是分析员的心跳声喵……,0,,,,,
50,,9,猫汐尔泳装,,,鼻子里也全部都是分析员的味道了……,0,,,,,
52,,9,猫汐尔泳装,,,想要……,0,,,,,
55,,6,猫汐尔泳装,,,唔……,0,,,,,
58,,0,猫汐尔泳装,,,分析员，也蹭蹭我……,0,,,,,
66,,9,猫汐尔泳装,,,唔……,0,,,,,
68,,9,猫汐尔泳装,,,好像，有点热了喵……,0,,,,,
71,,9,猫汐尔泳装,,,不要。,0,,,,,
72,,9,猫汐尔泳装,,,现在这样就好。,0,,,,,
74,,9,猫汐尔泳装,,,嗯，我喜欢现在这种感觉。,0,,,,,
76,,9,猫汐尔泳装,,,就像冰激凌在太阳下慢慢化开的感觉。,0,,,,,
77,,9,猫汐尔泳装,,,慢慢地，慢慢地，就连最后两毫米的距离也被融化——,0,,,,,
78,,9,猫汐尔泳装,,,直到最后，完全交融在一起，两人的距离变成负数喵……,0,,,,,
83,,6,猫汐尔泳装,,,唔喵！,0,,,,,
87,,6,猫汐尔泳装,,,喵喵喵？！是海之主喵？！！,0,,,,,
89,,6,猫汐尔泳装,,,喵……,0,,,,,
90,,6,猫汐尔泳装,,,怎么在这时候咬钩……,0,,,,,
93,,6,猫汐尔泳装,,,嗯，我懂的。,0,,,,,
94,,6,猫汐尔泳装,,,这就是所谓的“缓慢成熟的果实，总比早早摘取的更甘甜”吧。,0,,,,,
95,,6,猫汐尔泳装,,,即便是短暂的等待，时间也会赋予收获意义喵。,0,,,,,
98,,6,猫汐尔泳装,,,只是突然想到的喵。,0,,,,,
103,,6,猫汐尔病号服,,,按照人类的话来说，大概是去约会吧。,0,,,,,
105,,6,猫汐尔病号服,,,……唔。,0,,,,,
106,,6,猫汐尔病号服,,,是约会。,0,,,,,
107,,6,猫汐尔病号服,,,……我好歹也是个女孩子，说这种话也会不好意思的喵。,0,,,,,
109,,6,猫汐尔病号服,,,哎？看来还欠缺一些“害羞”的情感吗……,0,,,,,
110,,6,猫汐尔病号服,,,明明我已经在努力学习如何成为可爱的人类女孩了，但结果还是得不到分析员的肯定。,0,,,,,
114,,6,猫汐尔病号服,,,唔喵喵，我只是想开个玩笑喵。,0,,,,,
116,,6,猫汐尔病号服,,,喵？不继续敲敲我的头了吗？,0,,,,,
118,,6,猫汐尔病号服,,,也许吧，因为分析员每次敲我的时候都很温柔，和摸摸没有什么两样。,0,,,,,
120,,6,猫汐尔病号服,,,……,0,,,,,
121,,6,猫汐尔病号服,,,因为去年的时候，没能和分析员一起玩尽兴。,0,,,,,
122,,6,猫汐尔病号服,,,那个时候，光顾着挖东西了……现在想起来，好后悔喵。,0,,,,,
129,,6,猫汐尔病号服,,,……分析员，你有在听我说话吗？,0,,,,,
143,,6,猫汐尔病号服,,,就是说喵，我不甘心到每天晚上都会做分析员被伊切尔叼走的噩梦哦。,0,,,,,
147,,6,猫汐尔病号服,,,意思是，分析员答应和我约会了喵？！,0,,,,,
149,,6,猫汐尔病号服,,,唔喵喵，那刚刚为什么还要问那么多？！,0,,,,,
151,,6,猫汐尔病号服,,,哼喵，至少在会吃醋这件事上，我和人类女孩是一样的。,0,,,,,
155,,6,猫汐尔病号服,,,嗯嗯……我明白，不过是荒岛求生而已喵。,0,,,,,
157,,6,猫汐尔病号服,,,原来如此，那基本就是没有影响喵……,0,,,,,
158,,6,猫汐尔病号服,,,对了，其实这次回去，还有一件重要的事。,0,,,,,
167,,6,猫汐尔泳装,,,是海之主，真的是海之主喵！,0,,,,,
173,,6,猫汐尔泳装,,,打扰我和分析员好事的坏家伙，戳戳，戳戳戳！！！,0,,,,,
177,,6,猫汐尔泳装,,,哼，看在分析员的面子上，就饶了你了。,0,,,,,
181,,6,猫汐尔泳装,,,嗯喵，是我们一起完成的呢。,0,,,,,
183,,6,猫汐尔泳装,,,哼哼，因为那时我离分析员很近嘛喵。,0,,,,,
185,,6,猫汐尔泳装,,,近到可以瞬间听见分析员心里的想法喵~,0,,,,,
191,,6,猫汐尔泳装,,,没有区别吧。,0,,,,,
193,,6,猫汐尔泳装,,,唔喵——,0,,,,,
194,,6,猫汐尔泳装,,,分析员又敲我头了喵。,0,,,,,
196,,6,猫汐尔泳装,,,分析员也不用道歉喵，都说了很舒服的喵。,0,,,,,
200,,6,猫汐尔泳装,,,要道歉的话，也应该和它道歉喵。,0,,,,,
203,,9,猫汐尔泳装,,,唔喵，用这个包一下。,0,,,,,
205,,6,猫汐尔泳装,,,被背鳍扎到的话会很痛的喵。,0,,,,,
207,,6,猫汐尔泳装,,,分析员？,0,,,,,
209,,6,猫汐尔泳装,,,唔喵？,0,,,,,
211,,0,猫汐尔溯影,,,相互理解并非目的，只是个过程……,0,,,,,
212,,0,猫汐尔溯影,,,只是，真的会有将所有碎片都集齐，所有人都能相互理解的那一天吗？,0,,,,,
213,,0,猫汐尔溯影,,,那么就让分析员成为我最宝贵的碎片。然后，一起去寻找这个问题的答案吧。,0,,,,,
214,,0,猫汐尔溯影,,,我想要尝试着去重新理解人类……就像你一样的人类。,0,,,,,
219,,6,猫汐尔泳装,,,啊，就这样把它放掉了吗？,0,,,,,
221,,6,猫汐尔泳装,,,那还真是可惜喵……,0,,,,,
223,,6,猫汐尔泳装,,,太没礼貌了，走之前也不说声谢谢。,0,,,,,
226,,9,猫汐尔泳装,,,啊！跃出水面了喵！那是谢谢的意思吧？！,0,,,,,
228,,9,猫汐尔泳装,,,唔，果然，就不应该放走它喵！,0,,,,,
231,,9,猫汐尔泳装,,,是海盐西瓜冰。,0,,,,,
233,,9,猫汐尔泳装,,,哎？,0,,,,,
235,,9,猫汐尔泳装,,,……唔喵喵，这算夸奖我吗？,0,,,,,
237,,9,猫汐尔泳装,,,好耶~,0,,,,,
243,,9,猫汐尔泳装,,,啊，对了……,0,,,,,
245,,9,猫汐尔泳装,,,吃完喵喵冰之后，可以继续做舒服的事情吗？,0,,,,,
247,,9,猫汐尔泳装,,,不行吗……,0,,,,,
249,,9,猫汐尔泳装,,,啊！分析员又敲我的头了喵！,0,,,,,
8,,6,猫汐尔泳装,,,全部都完成了喵。,0,,,,,
13,,6,猫汐尔泳装,,,唔……用游泳圈也算是游泳吧？,0,,,,,
15,,6,猫汐尔泳装,,,……,0,,,,,
19,,6,猫汐尔泳装,,,唯独这一项我打算放弃喵……,0,,,,,
20,,6,猫汐尔泳装,,,但是！作为等价替换，我今天吃了五根喵喵冰。,0,,,,,
25,,6,猫汐尔泳装,,,这样吗？那么我要开始叫了哦。,0,,,,,
27,,6,猫汐尔泳装,,,咪喵，咪喵。,0,,,,,
28,,6,猫汐尔泳装,,,咪咪喵，咪咪喵。,0,,,,,
29,,6,猫汐尔泳装,,,咪咪咪~喵喵喵！,0,,,,,
31,,6,猫汐尔泳装,,,像是这样的“咪咪喵喵”，可以吗？,0,,,,,
33,,6,猫汐尔泳装,,,分析员？,0,,,,,
38,,6,猫汐尔泳装,,,唔喵，分析员？,0,,,,,
41,,6,猫汐尔泳装,,,分析员太狡猾了……居然搞突然袭击……,0,,,,,
43,,6,猫汐尔泳装,,,唔喵喵……刚刚还只是“稍微揉一揉”，怎么变成“揉个过瘾”了。,0,,,,,
45,,6,猫汐尔泳装,,,……分析员再揉下去，脸蛋要长出小猫了。,0,,,,,
47,,6,猫汐尔泳装,,,会得哦，唔喵喵喵……,0,,,,,
48,,6,猫汐尔泳装,,,就是说，脸颊要肿起来了……唔喵喵喵……,0,,,,,
49,,6,猫汐尔泳装,,,真是的，分析员就这么喜欢我的脸颊吗？,0,,,,,
52,,6,猫汐尔泳装,,,笨蛋分析员，手都揉酸了吧。,0,,,,,
54,,6,猫汐尔泳装,,,唔咪！,0,,,,,
56,,6,猫汐尔泳装,,,才不是笨蛋喵，那是害羞的……,0,,,,,
58,,6,猫汐尔泳装,,,嗯喵，“因为被分析员揉脸蛋实在是太舒服”，本来想这样回答的。,0,,,,,
59,,6,猫汐尔泳装,,,但是突然觉得对于人类女孩而言，这种话说出口会有些羞耻，所以就只能打住了。,0,,,,,
61,,6,猫汐尔泳装,,,请忽略这些细节喵。,0,,,,,
63,,6,猫汐尔泳装,,,唔…请忽略这些细节喵。,0,,,,,
65,,6,猫汐尔泳装,,,为什么？,0,,,,,
67,,6,猫汐尔泳装,,,唔……,0,,,,,
68,,6,猫汐尔泳装,,,不要当着人家的面说出来嘛……,0,,,,,
71,,9,猫汐尔泳装,,,总之喵——,0,,,,,
76,,6,猫汐尔泳装,,,这样，就真的全部完成了喵。,0,,,,,
78,,6,猫汐尔泳装,,,错误，要是有强迫症的话，就不会修改内容了喵。,0,,,,,
79,,6,猫汐尔泳装,,,我只是不想给这次宝贵的约会留下遗憾罢了。,0,,,,,
80,,6,猫汐尔泳装,,,要是哪天和分析员做舒服的事情时，人家正沉浸在和你相处的幸福里……,0,,,,,
81,,6,猫汐尔泳装,,,然后突然想到，“唔喵！那次约会还有一项计划没完成！”的话，这种遗憾的感觉肯定会打断状态的。,0,,,,,
82,,6,猫汐尔泳装,,,然后然后，等到恒约的那天，说不定也会因为这个遗憾而泪流满面。,0,,,,,
84,,6,猫汐尔泳装,,,没办法，和分析员在一起时忍不住就想到很后面的事情了。,0,,,,,
89,,9,猫汐尔泳装,,,是时候了喵，该去回收过去埋下的宝藏了。,0,,,,,
91,,9,猫汐尔泳装,,,嗯，跟我来。,0,,,,,
93,,9,猫汐尔泳装,,,我们的宝藏，就在那座最高的山顶遗迹上。,0,,,,,
103,,6,猫汐尔泳装,,,看来要找条新路了喵。,0,,,,,
105,,6,猫汐尔泳装,,,我们的目的地可不是罗森兰喵。,0,,,,,
109,,6,猫汐尔泳装,,,不是我。,0,,,,,
114,,6,猫汐尔泳装,,,但是，是从哪里来的呢……,0,,,,,
119,,6,猫汐尔泳装,,,抓耗子的小猫？,0,,,,,
121,,6,猫汐尔泳装,,,也就是说充当苦力吗？,0,,,,,
125,,6,猫汐尔泳装,,,开始玄幻起来了喵……,0,,,,,
127,,6,猫汐尔泳装,,,那不是工作又增加了喵。,0,,,,,
130,,6,猫汐尔泳装,,,好像能理解了……那分析员，它们也会感到寂寞吗？,0,,,,,
131,,6,猫汐尔泳装,,,一辈子都在海面上，在钢铁与柴油构成的人造丛林里，它们也会渴望和同类交流吗？,0,,,,,
137,,9,猫汐尔泳装,,,而且什么？,0,,,,,
140,,6,猫汐尔泳装,,,……,0,,,,,
143,,6,猫汐尔泳装,,,它好像不怕我们喵。,0,,,,,
148,,9,猫汐尔泳装,,,那…上山的路，可以告诉我们吗？,0,,,,,
156,,9,猫汐尔泳装,,,没想到这里还有粉色的水之主喵……,0,,,,,
169,,9,猫汐尔泳装,,,分析员，小心点喵。,0,,,,,
178,,6,猫汐尔泳装,,,嗯！,0,,,,,
182,,9,猫汐尔泳装,,,分析员！,0,,,,,
184,,6,猫汐尔泳装,,,奇怪……,0,,,,,
187,,9,猫汐尔泳装,,,嗯，我没事。而且好像即便掉下去，也无所谓了……,0,,,,,
189,,9,猫汐尔泳装,,,唔，还是不要了喵。,0,,,,,
190,,9,猫汐尔泳装,,,至少……要一起落下去。,0,,,,,
193,,9,猫汐尔泳装,,,嗯。,0,,,,,
207,,6,猫汐尔泳装,,,蓄水池……,0,,,,,
211,,6,猫汐尔泳装,,,为了调查香蒲族的事情吧。,0,,,,,
214,,6,猫汐尔泳装,,,也就是说，是我母校的遗产呢。,0,,,,,
216,,6,猫汐尔泳装,,,嗯，要去要去。,0,,,,,
219,,6,猫汐尔泳装,,,哦……好大的一片水，感觉比大海还大喵。,0,,,,,
221,,6,猫汐尔泳装,,,我是指在我心中的广度。,0,,,,,
223,,6,猫汐尔泳装,,,嗯，我想把鞋子脱掉坐到水边。,0,,,,,
224,,6,猫汐尔泳装,,,分析员……也来。,0,,,,,
226,,6,猫汐尔泳装,,,嗯喵。,0,,,,,
228,,9,猫汐尔泳装,,,最后，我还是没能学会游泳呢……,0,,,,,
231,,9,猫汐尔泳装,,,嗯……但我讨厌在水里的感觉，如果只是脚能着地还好，但一旦没有什么可以踩住的，就会清晰地感觉到一股莫名的无力感。,0,,,,,
232,,9,猫汐尔泳装,,,那种感觉，就像小时候一样。,0,,,,,
233,,9,猫汐尔泳装,,,那场意外过后，躺在血泊里的我，只觉得整个世界都在变冷，而我能做的只有看着天花板发呆……,0,,,,,
234,,9,猫汐尔泳装,,,不过，这还不是最糟糕的。,0,,,,,
235,,9,猫汐尔泳装,,,"身为无痛症患者，就连那种时刻都无法真正理解别人所说的""疼痛""是什么感觉。",0,,,,,
236,,9,猫汐尔泳装,,,康复后，也始终不知道该怎么和别人正常地相处。,0,,,,,
237,,9,猫汐尔泳装,,,也就是那时我才发现，也许自己的人生才是最大水坑。,0,,,,,
239,,6,猫汐尔泳装,,,不过——,0,,,,,
240,,6,猫汐尔泳装,,,现在说起这些，好像已经不会难过了喵。,0,,,,,
242,,6,猫汐尔泳装,,,因为，我遇见了分析员。,0,,,,,
243,,6,猫汐尔泳装,,,一切都改变了……,0,,,,,
246,,6,猫汐尔泳装,,,在遇到分析员之前，我一直游离在这个世界之外。,0,,,,,
247,,6,猫汐尔泳装,,,而分析员，是第一个“找到”我的人。,0,,,,,
248,,6,猫汐尔泳装,,,第一次有人认真听完了我那些颠三倒四的念头，第一次有人愿意花时间了解我。,0,,,,,
249,,6,猫汐尔泳装,,,因为你找到了我，自此，我的世界发生了翻天覆地的变化。,0,,,,,
250,,6,猫汐尔泳装,,,或者说，因为你的存在，这个世界终于不再和我无关了。,0,,,,,
251,,6,猫汐尔泳装,,,所以我……,0,,,,,
253,,9,猫汐尔泳装,,,唔……,0,,,,,
257,,9,猫汐尔泳装,,,所以，就是那个……,0,,,,,
261,,9,猫汐尔泳装,,,分析员，可以教我游泳吗？！,0,,,,,
267,,6,猫汐尔泳装,,,唔喵……对不起，我好像说了奇怪的话。,0,,,,,
268,,6,猫汐尔泳装,,,我想说的其实是，我……,0,,,,,
270,,6,猫汐尔泳装,,,喵？,0,,,,,
272,,6,猫汐尔泳装,,,嗯……,0,,,,,
274,,6,猫汐尔泳装,,,唔喵！,0,,,,,
277,,6,猫汐尔泳装,,,嗯，那我该怎么做才好呢？,0,,,,,
279,,6,猫汐尔泳装,,,唔喵！对不起分析员……,0,,,,,
291,,6,猫汐尔泳装,,,我明白了。,0,,,,,
292,,0,猫汐尔泳装,,,唔喵!,0,,,,,
297,,6,猫汐尔泳装,,,咳咳咳，唔喵，好像还是不行呢……,0,,,,,
302,,6,猫汐尔泳装,,,要凝视水底喵……,0,,,,,
307,,6,猫汐尔泳装,,,嘿嘿，那还是因为分析员教得好，我只是在按照你说的要领，将动作做出来了而已。,0,,,,,
309,,6,猫汐尔泳装,,,哎？不能学划水吗？,0,,,,,
314,,6,猫汐尔泳装,,,好吧喵……,0,,,,,
326,,6,猫汐尔泳装,,,fen xi yuan,0,,,,,
327,,6,猫汐尔泳装,,,wo gang gang shi xiang shuo,0,,,,,
328,,6,猫汐尔泳装,,,wo,0,,,,,
329,,6,猫汐尔泳装,,,xi,0,,,,,
330,,6,猫汐尔泳装,,,huan,0,,,,,
331,,6,猫汐尔泳装,,,ni,0,,,,,
333,,9,猫汐尔泳装,,,mei shen me miao~,0,,,,,
338,,9,猫汐尔泳装,,,唔喵，唔喵……对不起，对不起喵。,0,,,,,
22,,9,猫汐尔泳装,,Play_Vo_dlc3ep12_girl012_23,哼……,0,,,,,
28,,6,猫汐尔泳装,,Play_Vo_dlc3ep12_girl012_24,喂——,0,,,,,
29,,6,猫汐尔泳装,,Play_Vo_dlc3ep12_girl012_25,分析员——听得到吗——,0,,,,,
31,,6,猫汐尔泳装,,Play_Vo_dlc3ep12_girl012_26,我知道了啦——,0,,,,,
32,,6,猫汐尔泳装,,Play_Vo_dlc3ep12_girl012_27,但是——这样很开心喵——,0,,,,,
35,,0,猫汐尔泳装,,Play_Vo_dlc3ep12_girl012_28,（没关系的……）,0,,,,,
36,,0,猫汐尔泳装,,Play_Vo_dlc3ep12_girl012_29,（早在去年夏天时，在他找到我之前，就已经对着大海练习过无数遍……）,0,,,,,
37,,0,猫汐尔泳装,,Play_Vo_dlc3ep12_girl012_30,（那些因为胆怯与不确定而咽下的话语，经过三百多个日夜的陪伴，这次一定要……）,0,,,,,
38,,6,猫汐尔泳装,,Play_Vo_dlc3ep12_girl012_31,……,0,,,,,
42,,6,猫汐尔泳装,,Play_Vo_dlc3ep12_girl012_32,喂——分析员——可以喊你的名字吗——,0,,,,,
45,,6,猫汐尔泳装,,Play_Vo_dlc3ep12_girl012_33,playername——,0,,,,,
47,,6,猫汐尔泳装,,Play_Vo_dlc3ep12_girl012_34,playername——,0,,,,,
51,,6,猫汐尔泳装,,Play_Vo_dlc3ep12_girl012_35,playername——playername——playername——,0,,,,,
59,,0,猫汐尔泳装,,Play_Vo_dlc3ep12_girl012_36,呼……,0,,,,,
61,,0,猫汐尔泳装,,Play_Vo_dlc3ep12_girl012_37,猫汐尔——,0,,,,,
64,,0,猫汐尔泳装,,Play_Vo_dlc3ep12_girl012_38,猫汐尔啊——,0,,,,,
65,,0,猫汐尔泳装,,Play_Vo_dlc3ep12_girl012_39,最喜欢playername了！！！,0,,,,,
71,,6,猫汐尔泳装,,Play_Vo_dlc3ep12_girl012_40,……,0,,,,,
74,,6,猫汐尔泳装,,Play_Vo_dlc3ep12_girl012_41,不要那么大声嘛……会…会不好意思的喵……,0,,,,,
76,,6,猫汐尔泳装,,Play_Vo_dlc3ep12_girl012_42,那……那不一样喵！,0,,,,,
77,,6,猫汐尔泳装,,Play_Vo_dlc3ep12_girl012_43,猫猫形态是没羞耻心的！但人类形态的猫汐尔……是……是会像女孩子那样害羞的喵！,0,,,,,
79,,6,猫汐尔泳装,,Play_Vo_dlc3ep12_girl012_44,所以…怎么样……,0,,,,,
81,,6,猫汐尔泳装,,Play_Vo_dlc3ep12_girl012_45,我的宝藏……也就是我的告白，分析员觉得怎么样？,0,,,,,
85,,6,猫汐尔泳装,,Play_Vo_dlc3ep12_girl012_46,不许说那么吓人的话。,0,,,,,
88,,6,猫汐尔泳装,,Play_Vo_dlc3ep12_girl012_47,你是我与这个世界唯一的联系。,0,,,,,
89,,6,猫汐尔泳装,,Play_Vo_dlc3ep12_girl012_48,因为你的出现，我再也无法忍受孤独了，我开始渐渐理解痛苦的含义。,0,,,,,
90,,6,猫汐尔泳装,,Play_Vo_dlc3ep12_girl012_49,我实在无法想象失去你会是什么样……,0,,,,,
91,,6,猫汐尔泳装,,Play_Vo_dlc3ep12_girl012_50,你是唯一让我想要去靠近，想要去理解，想要……喜欢上的人。,0,,,,,
92,,6,猫汐尔泳装,,Play_Vo_dlc3ep12_girl012_51,所以，请不许再说什么心跳停止那么恐怖的话了……,0,,,,,
98,,6,猫汐尔泳装,,Play_Vo_dlc3ep12_girl012_52,唔……,0,,,,,
23,,0,猫汐尔泳装,,,的确是枪声，不过离这里很远。,0,,,,,
25,,5,猫汐尔泳装,,,什么是“单独行动”喵？,0,,,,,
28,,5,猫汐尔泳装,,,……,0,,,,,
29,,5,猫汐尔泳装,,,大致推演了一下，成功率很低呢。,0,,,,,
31,,2,猫汐尔泳装,,,说起来，你有见过一架黑色的无人机吗？,0,,,,,
33,,6,猫汐尔泳装,,,果然是问错人了。,0,,,,,
34,,6,猫汐尔泳装,,,如果遇到的是分析员就好了。,0,,,,,
auto_35,,5,猫汐尔泳装,,,这是……录像机？,0,,,,,
3,,0,猫汐尔,,,现世空余苦痛，真理藏于彼岸……湛蓝的睡莲，摇曳于两者之间……,0,,,,,
4,,0,猫汐尔,,,水之影，水之影，引领我们穿过那幽暗的隧道……于真实的世界重生……,0,,,,,
5,,6,猫汐尔泳装,,,和今天那些狂热的降临团会员一样，千年前的香蒲人似乎也在追寻着某些“虚无”的东西。,0,,,,,
6,,6,猫汐尔泳装,,,与认知水平无关，这只是人类面对痛苦时的一种必然选择。,0,,,,,
8,,6,猫汐尔泳装,,,气味一致，被称为水之影的植物就在这个隧道里喵。,0,,,,,
9,,6,猫汐尔泳装,,,不过那个无人机并不在附近……瑟瑞斯的录像里明明就是往这个方向飞了……算了，还是优先采集活体样本吧。,0,,,,,
12,,0,猫汐尔泳装,,,通知无效喵。,0,,,,,
14,,0,猫汐尔泳装,,,看这里。,0,,,,,
21,,6,猫汐尔泳装,,,唔，最后一格电也用掉了……芙提雅说得没错，该考虑增加“视觉模组干扰器”的电池容量了……,0,,,,,
22,,6,猫汐尔泳装,,,不过正好，正好测试一下“溯影”的性能。,0,,,,,
6,,6,猫汐尔溯影,,,初步分析可以得出建筑用料成分与山体隧道中的石块一致。,0,,,,,
7,,6,猫汐尔溯影,,,同时，石块上有明显的激光切割痕迹……,0,,,,,
9,,6,猫汐尔溯影,,,无法理解，千年前的人类真的能掌握这么先进的切割技术吗？,0,,,,,
10,,6,猫汐尔溯影,,,可能还需要再采集些样本……,0,,,,,
25,,6,猫汐尔溯影,,,附近样本采集完毕，该去那个祭坛看看了……,0,,,,,
2,,6,猫汐尔溯影,,,解决了。,0,,,,,
3,,6,猫汐尔溯影,,,唔？,0,,,,,
10,,6,猫汐尔溯影,,,收到喵，不过……,0,,,,,
12,,6,猫汐尔溯影,,,怎么有股西瓜的味道。,0,,,,,
13,,6,猫汐尔溯影,,,分析员，你知道怎么回事吗？,0,,,,,
16,,6,猫汐尔溯影,,,准确的来说，它的战斗行为逻辑与已知的任何敌人都不同，或者说，它根本就不是用于作战的机甲，上面搭载的系统是改进过后的派对女王原型系统。,0,,,,,
17,,6,猫汐尔溯影,,,由此，我无法光从外观或是结构来断定这台机甲属于哪个敌对势力。,0,,,,,
18,,6,猫汐尔溯影,,,甚至，如果按照你们人类的标准，它大概不能被划为“敌人”。唯一有效的信息，就是它是从对面的祭坛遗迹中弹射出来的。,0,,,,,
26,,5,猫汐尔溯影,,,前辈，我的听觉感官捕捉到了升降机电机运行的声音。,0,,,,,
31,,6,猫汐尔溯影,,,还是我来吧。,0,,,,,
35,b-5-2-2,6,猫汐尔溯影,,,（记错了喵。）,0,,,,,
36,b-5-2-3,6,猫汐尔溯影,,,（那……）,0,,,,,
37,b-5-2-4,6,猫汐尔溯影,,,水之影，水之影，引领我们穿过那幽暗的隧道。,0,,,,,
39,,0,猫汐尔溯影,,,你们人类还真是喜欢用有特殊意义的信息作为密码……,0,,,,,
48_13,,6,猫汐尔,,,喵？我只是来这儿买早餐而已，分析员给我推荐了一家炸鱼摊，说是周边最好吃的一家喵。,0,,,,,
48_14,,6,猫汐尔,,,哎，那边的义工小姐，你的包掉了。,0,,,,,
48_16,,6,猫汐尔,,,唔喵？刚刚的人是不是有点眼熟？,0,,,,,
48_22,,6,猫汐尔溯影,,,喵！难怪那时候的义工总觉得哪里不对劲！,0,,,,,
95,,6,猫汐尔溯影,,,既是铁面无情的审判官，又是为迷途者点亮星火的引路人……,0,,,,,
96,,6,猫汐尔溯影,,,究竟哪一边才是真实的分析员呢……,0,,,,,
97,,6,猫汐尔溯影,,,……说不定，这两面都是真实的呢？,0,,,,,
97_1,,6,猫汐尔溯影,,,能够剖析所有外在，找到每个人灵魂最深处的光芒，分析员，果然很有趣……,0,,,,,
98,,6,猫汐尔溯影,,,不过话说回来……那架奇怪的无人机究竟去哪了喵？,0,,,,,
36,,0,猫汐尔泳装,,,吓到你了吗？,0,,,,,
37,,0,猫汐尔泳装,,,唔，上眼皮下垂，表明你有心事。,0,,,,,
38_1,,0,猫汐尔泳装,,,都说了，观察你很久了喵。,0,,,,,
39,,6,猫汐尔泳装,,,对了，我发现这个岛上貌似有可疑的家伙，要一起去调查一下吗？,0,,,,,
40_3,,6,猫汐尔泳装,,,随分析员的便，只要分析员在就好。,0,,,,,
40_5,,6,猫汐尔泳装,,,因为playername……,0,,,,,
40_6,,6,猫汐尔泳装,,,总是能发现别人视而不见的细节，找到别人遍寻不得的宝物呢喵~,0,,,,,
40_8,,6,猫汐尔泳装,,,说不定……,0,,,,,
40_10,,6,猫汐尔泳装,,,分析员也可以“找到”猫汐尔呢。,0,,,,,
40_13,,0,猫汐尔泳装,,,没什么喵~,0,,,,,
40_22,,0,猫汐尔泳装,,,嗯喵！,0,,,,,
4_21,,6,猫汐尔,,,喵？我只是来这儿买早餐而已，分析员给我推荐了一家炸鱼摊，说是周边最好吃的一家喵。,0,,,,,
4_22,,0,猫汐尔,,,哎，那边的义工小姐，你的包掉了。,0,,,,,
4_24,,6,猫汐尔,,,唔喵？刚刚的人是不是有点眼熟？,0,,,,,
4_27,,9,猫汐尔,,,不过你们说的雅卢岛听起来很有趣喵~,0,,,,,
4_28,,9,猫汐尔,,,那我也加入里芙的小组吧！,0,,,,,
8,,0,猫汐尔泳装,,,深度十公分，并未发现雅卢平壳蛤喵。,0,,,,,
9,,0,猫汐尔泳装,,,唔……不过根据表层砂砾的状态可以确定，一定有什么东西藏在下面。,0,,,,,
10,,0,猫汐尔泳装,,,果然，挖到了喵。,0,,,,,
12,,0,猫汐尔泳装,,,咦，与资料库中的生物形象不匹配？,0,,,,,
13,,0,猫汐尔泳装,,,可能是某种搭载了智能模组的电子设备。,0,,,,,
14,,0,猫汐尔泳装,,,虽然很罕见，但是并没有回收价值。,0,,,,,
15,,0,猫汐尔泳装,,,打扰了，现在就把你埋回去……,0,,,,,
17,,0,猫汐尔泳装,,,是在请求援助吗？,0,,,,,
19,,0,猫汐尔泳装,,,明白，请保持安静。,0,,,,,
20,,0,猫汐尔泳装,,,现在开始清理对象周边砂砾，预计一分钟内完成。,0,,,,,
21,,6,猫汐尔泳装,,,原来是架无人机。,0,,,,,
26,,6,猫汐尔泳装,,,这是……雅卢岛上的特产植物，水之影。,0,,,,,
28,,6,猫汐尔泳装,,,这个倒是有收藏价值，不过如果能找到活体就好了。,0,,,,,
30,,0,猫汐尔泳装,,,唔，你要去哪里？,0,,,,,
35,,6,猫汐尔泳装,,,……那边有什么有趣的东西吗？,0,,,,,
36,,6,猫汐尔泳装,,,跟上去调查一下吧。,0,,,,,
114,,6,猫汐尔病号服,,Play_Vo_anniversary002_girl012_02,喵喵喵……看来，从今天起我也要拿出真本事了喵。,0,,,,,
119,,6,猫汐尔病号服,,Play_Vo_anniversary002_girl012_04,人家是胡狼啦……喵。,0,,,,,
57,,5,猫汐尔,,,喵……这么多人一起的话，系统还撑得住喵？,0,,,,,
43,,0,猫汐尔,,,真不愧是前辈喵。,0,,,,,
44,,0,猫汐尔,,,一拳就打碎了泰坦的下巴。,0,,,,,
37,,3,猫汐尔,,,锚定装置在原理上与公司已有的脑神经检查器接近，分析员可以用它反复查看自己的记忆喵。,,0,,,,
4,,3,猫汐尔,,,就现阶段而言，很困难喵。,,0,,,,
23,,6,猫汐尔溯影,,,先行一步喵。,0,,,,,
1,,0,猫汐尔,,,这种战斗难度会不会太低了。,0,,,,,
1,,0,猫汐尔,,,我的计算不会有错。,0,,,,,
1,,0,猫汐尔,,,我说过，结局100%是胜利才对。,0,,,,,
9,,0,猫汐尔,,,……很好，经过改装后「溯影」分身模组的拟态能力又提升了。,0,,,,,
10,,0,猫汐尔,,,不久以后小凯贝生成的分身就能替我去执行任务了吧。,0,,,,,
13,,6,猫汐尔,,,一切顺利，溯影分身模组的稳定性已经达到实战需求了喵。,0,,,,,
14,,6,猫汐尔,,,不过同步性测试可能还会花上一段时间。,0,,,,,
16,,6,猫汐尔,,,不打扰，因为那是“明天的猫汐尔”的工作。,0,,,,,
17,,6,猫汐尔,,,今天的测试已经结束了，接下来的时间就交给分析员了。,0,,,,,
18,,6,猫汐尔,,,呼喵。,0,,,,,
20,,6,猫汐尔,,,这么晚了，有事？ ,0,,,,,
23,,6,猫汐尔,,,……,0,,,,,
25,,6,猫汐尔,,,终于到这一天了吗……,0,,,,,
28,,6,猫汐尔,,,因为被同事投诉得太多，公司终于要辞退我了。果然，这里也不是我的容身之所。,0,,,,,
31,,6,猫汐尔,,,唔……,0,,,,,
34,,6,猫汐尔,,,我只是在纠结一会要点秋刀鱼还是烤鸡翅。,0,,,,,
37_2,,6,猫汐尔,,,真是大方，这就是你们人类所谓的散伙饭吗？,0,,,,,
39,,6,猫汐尔,,,吃饱了，多谢惠顾。,0,,,,,
44,,6,猫汐尔,,,你是说让我“试着多和大家接触接触”吗？,0,,,,,
46,,6,猫汐尔,,,嗯……建立关系啊……,0,,,,,
49,,0,猫汐尔,,,分析员，你觉得人类建立关系的目的是什么呢？,0,,,,,
51,,6,猫汐尔,,,是吗？但我认为这只是谬论。,0,,,,,
52,,6,猫汐尔,,,就如同室内的我们与室外的他人，明明同样置身于雨中世界，但是对雨的感知却截然不同。,0,,,,,
56,,6,猫汐尔,,,人类之间的连接正被某种无形之物割裂。,0,,,,,
57,,6,猫汐尔,,,分析员，你认为那又是什么呢？,0,,,,,
59,,6,猫汐尔,,,不，这些都只是表象，罪魁祸首还是“自我意识”。,0,,,,,
61,,6,猫汐尔,,,嗯，也就是负责感知一切的感知主体，类似“灵魂”的概念。,0,,,,,
62,,6,猫汐尔,,,正是因为它的存在，完整的世界才被一分为二。,0,,,,,
63,,6,猫汐尔,,,自此，自我和他者形成了永恒的二元对立，失去了整体性的心灵也由此陷入了绝对的孤独。,0,,,,,
67,,6,猫汐尔,,,随后，为了从孤独感中解脱，你们人类或是爱上他人，或是建立国家……又或是发动战争。但无论如何……,0,,,,,
68,,6,猫汐尔,,,最后的结果还是无法从孤独中解脱。,0,,,,,
72,,0,猫汐尔,,,只有当命定之死来临之际，才会幡然醒悟。,0,,,,,
73,,0,猫汐尔,,,身为万灵之长的人类，一定是自诞生伊始，就注定无法与任何人建立起连接，无法与任何人相互理解的。,0,,,,,
77,,2,猫汐尔,,,唔，毕竟无法相互理解才是常态。,0,,,,,
79,,2,猫汐尔,,,分析员，要不要再点些喝的东西？,0,,,,,
82,,0,猫汐尔,,,嗯，我并不着急。,0,,,,,
83,,0,猫汐尔,,,毕竟我很讨厌，湿漉漉的感觉喵……,0,,,,,
18,,6,猫汐尔溯影,,,请问有什么事哔？,0,,,,,
20,,6,猫汐尔溯影,,,原来如此，谢谢关心哔。,0,,,,,
26,,6,猫汐尔溯影,,,伪装失败，被发现了哔。,0,,,,,
52,,6,猫汐尔溯影,,,啊，这里果然藏了奇怪的东西。,0,,,,,
57,,6,猫汐尔溯影,,,唔，从射击姿势来看你们应该是第一次拿枪？,0,,,,,
59,,6,猫汐尔溯影,,,小凯贝备用机，让他们睡一会吧。,0,,,,,
1,,0,猫汐尔,,,咳咳……,0,,,,,
2,,0,猫汐尔,,,右腿被落石卡死了喵……,0,,,,,
6,,0,猫汐尔,,,通讯终端……是playername……,0,,,,,
7,,0,猫汐尔,,,我在……在……,0,,,,,
10,,0,猫汐尔,,,分……分析……………,0,,,,,
36,,0,猫汐尔,,,和那时一样，你是……,0,,,,,
39,,0,猫汐尔,,,幻象？,0,,,,,
43,,0,猫汐尔,,,……,0,,,,,
47,,5,猫汐尔溯影,,,……,0,,,,,
50,,5,猫汐尔溯影,,,我……,0,,,,,
57,,0,猫汐尔,,,我这是……,0,,,,,
59,,0,猫汐尔,,,分析员……是怎么找到我的？,0,,,,,
11,,6,猫汐尔病号服,,,你来了啊，我已经没事了哔。,0,,,,,
14,,6,猫汐尔病号服,,,慰问品哔？,0,,,,,
17,,6,猫汐尔病号服,,,唔，我没什么意见，不过分析员，你今天怪怪的哔。,0,,,,,
18,,6,猫汐尔病号服,,,我有什么不对劲的地方吗哔？,0,,,,,
27,,6,猫汐尔溯影,,,为什么分析员总能找到我喵……,0,,,,,
30,,6,猫汐尔溯影,,,分析员经常把自己幻想成我吗？,0,,,,,
31,,6,猫汐尔溯影,,,还是说分析员平时也会把自己幻想成其他女孩子？,0,,,,,
33,,6,猫汐尔溯影,,,换位思考……理解他人……分析员你总是把这些挂嘴上。,0,,,,,
34,,6,猫汐尔溯影,,,习惯于站在他人立场思考问题的你，难道也是个自我意识单薄的异类？,0,,,,,
37,,6,猫汐尔溯影,,,不是坏事吗喵……,0,,,,,
41,,6,猫汐尔溯影,,,是喵……,0,,,,,
44,,6,猫汐尔溯影,,,唔？收获什么？,0,,,,,
49,,0,猫汐尔,,,原来如此……,0,,,,,
auto_50,,0,猫汐尔,,,相互理解并非目的，只是个过程……,0,,,,,
53,,0,猫汐尔,,,只是，真的会有将所有碎片都集齐，所有人都能相互理解的那一天吗？,0,,,,,
57,,0,猫汐尔,,,那么就让分析员成为我最宝贵的碎片。然后，一起去寻找这个问题的答案吧。,0,,,,,
58,,0,猫汐尔,,,我想要尝试着去重新理解人类……就像你一样的人类。,0,,,,,
58_1,,0,猫汐尔,,,唔喵，为什么要站起来摸我的头……,0,,,,,
58_3,,0,猫汐尔,,,是吗……但是，还不够吧。,0,,,,,
4,,6,猫汐尔,,,有事？,0,,,,,
8,,6,猫汐尔,,,这个？,0,,,,,
10,,6,猫汐尔,,,重量133毫克，长度80毫米，宽62毫米，侵蚀面积63.05%，卡片内未见芯片，卡片表面有印刷样字体46个……,0,,,,,
12,,6,猫汐尔,,,不是。,0,,,,,
15,,6,猫汐尔,,,禁止事项。,0,,,,,
16,,6,猫汐尔,,,翻译为你们人类常用词为：秘密。,0,,,,,
19,,6,猫汐尔,,,我。,0,,,,,
21,,6,猫汐尔,,,禁止事项。,0,,,,,
25,,6,猫汐尔,,,纸质卡片，没有内置芯片，无法运用网络进行数据读取和分析。,0,,,,,
28,,6,猫汐尔,,,哦，这样。,0,,,,,
30,,6,猫汐尔,,,那么，你有分析出什么吗？,0,,,,,
34,,6,猫汐尔,,,已知信息。,0,,,,,
35,,6,猫汐尔,,,卡面上有清晰的印刷字。,0,,,,,
36,,6,猫汐尔,,,我能看见。,0,,,,,
41,,6,猫汐尔,,,物品？,0,,,,,
46,,6,猫汐尔,,Play_Mo_girl012_doubt01_057_2,唔。,0,,,,,
54,,6,猫汐尔,,,分析结束了？,0,,,,,
57,,6,猫汐尔,,,你想去那个展览馆。,0,,,,,
58,,6,猫汐尔,,,是吗？,0,,,,,
61,,6,猫汐尔,,,我也想去。,0,,,,,
63,,6,猫汐尔,,,怎么了？,0,,,,,
65,,6,猫汐尔,,,你们人类也太容易惊讶了。,0,,,,,
67,,6,猫汐尔,,,那么，一起？,0,,,,,
3,,6,猫汐尔,,,你晚到了36秒72。,0,,,,,
5,,6,猫汐尔,,,是因为腿短吗？,0,,,,,
7,,6,猫汐尔,,,哦。,0,,,,,
8,,6,猫汐尔,,,总之，我们的行程时长被压缩，你的时速需要相应提升。,0,,,,,
9,,6,猫汐尔,,,那么，出发。,0,,,,,
13,,6,猫汐尔,,,有事？,0,,,,,
15,,6,猫汐尔,,Play_Mo_girl012_answer01_060_2,哦。,0,,,,,
19,,6,猫汐尔,,,我明白了。,0,,,,,
20,,6,猫汐尔,,,你在攀比。,0,,,,,
21,,6,猫汐尔,,,你们人类总是有很强的好胜心。,0,,,,,
27,,6,猫汐尔,,,情书？,0,,,,,
29,,6,猫汐尔,,,居然是手写的字……唔……不太好认。,0,,,,,
32,,6,猫汐尔,,,你用5.1的肉眼视力能认出来这个是什么字吗？,0,,,,,
40,,6,猫汐尔,,,你是以前也写过吗？,0,,,,,
44,,6,猫汐尔,,,在过去，情书似乎是你们人类比较常见的感情传递方式。,0,,,,,
45,,6,猫汐尔,,,那个年代的人们能轻易认出来另一个人的手写字，还能辨别其中的情感，甚至是文字诡计，很厉害。,0,,,,,
47,,6,猫汐尔,,,夸你？你虽然是人类，但是并不属于那个时代吧。,0,,,,,
49,,6,猫汐尔,,,难不成……,0,,,,,
50,,6,猫汐尔,,,你的意思是，你也会写情书？,0,,,,,
52,b-11-1-0,6,猫汐尔,,,藏头情书？,0,,,,,
53,b-11-1-1,6,猫汐尔,,,藏头诗与情书的结合体？,0,,,,,
54,b-11-1-2,6,猫汐尔,,,把想表达的句子拆开成单独的字，放在每一句的首位，再根据首位的字去造句，就完成了对吧？,0,,,,,
55,b-11-1-3,6,猫汐尔,,,这么一拆解起来，就是很简单的文字填充游戏。,0,,,,,
57,b-11-2-0,6,猫汐尔,,,唔……是吗？,0,,,,,
58,b-11-2-1,6,猫汐尔,,,看资料，我还以为更重要的是头脑。,0,,,,,
59,b-11-2-2,6,猫汐尔,,,虽然说到底是文字的排列组合，但是这种靠创意和情感去完成的作品，倒也不像是那么简单。,0,,,,,
60,b-11-2-3,6,猫汐尔,,,据我目前对你的了解，你有手，但未必会。,0,,,,,
65,,6,猫汐尔,,,球球日志？,0,,,,,
1,,6,猫汐尔,,,无法理解。,0,,,,,
10,,6,猫汐尔,,,无法理解。,0,,,,,
11,,6,猫汐尔,,,既然他们两个互相爱着对方，其他人为什么要阻拦？,0,,,,,
16,,6,猫汐尔,,,人跟妖都是有爱情的生物，彼此之间产生爱情也是正常现象。,0,,,,,
17,,6,猫汐尔,,,其他人为什么一定要反对和暴力拆散他们？,0,,,,,
20,,6,猫汐尔,,,规定？,0,,,,,
21,,6,猫汐尔,,,为什么？,0,,,,,
26,,6,猫汐尔,,,在想象中制定禁止他们相爱的规定？,0,,,,,
27,,6,猫汐尔,,,还是无法理解其中的逻辑。,0,,,,,
33,,6,猫汐尔,,,我觉得，这场战斗不太合理。,0,,,,,
34,,6,猫汐尔,,,我不认为其他人拥有阻拦成功的能力。故事的主人公具备相当不俗的战斗力，应该可以避免被拆散才对。,0,,,,,
36,,6,猫汐尔,,,你不相信？,0,,,,,
37,,6,猫汐尔,,,试试看就知道了。,0,,,,,
4,,6,猫汐尔,,,你刚刚的战斗行为跟我所记录的——你的数据，有些偏差。,0,,,,,
7,,6,猫汐尔,,,第二波攻击中，你突然来到我前方的位置，跟敌方首领交手，有负伤。,0,,,,,
10,,6,猫汐尔,,,第三波攻击中，你再次冲到我的前方，离对方甩过来的武器仅差0.8毫米，被冲击波震到手臂，有负伤。,0,,,,,
13,,6,猫汐尔,,,你不冲过来的话，我也能将它击毁。,0,,,,,
14,,6,猫汐尔,,,且不会存在负伤情况。,0,,,,,
17,,6,猫汐尔,,,我负伤，只有万分之一的几率。,0,,,,,
18,,6,猫汐尔,,,此外，即便负伤——你忘了吗？我没有痛觉，你不用在意。,0,,,,,
21,,6,猫汐尔,,,你们人类……,0,,,,,
23,,6,猫汐尔,,,唔，行为一致。,0,,,,,
25,,6,猫汐尔,,,你刚刚的这两次异常战斗反应，与故事中男主人公的行为一致。,0,,,,,
28,,6,猫汐尔,,,为什么呢？,0,,,,,
30,,6,猫汐尔,,,你和我，都可以跟故事中主人公身份对应上，而故事中的二人的各种行为，都可以用爱来解释。,0,,,,,
31,,6,猫汐尔,,,但，为什么这就是爱呢？,0,,,,,
33,,6,猫汐尔,,,此时的我们两个，大脑也在分泌多巴胺吗？,0,,,,,
35,b-12-1-0,6,猫汐尔,,,没错，多巴胺。生物之间产生爱的标志性现象，就是脑中会分泌大量多巴胺。,0,,,,,
36,b-12-1-1,6,猫汐尔,,,为什么是这个表情？你不可能不知道。,0,,,,,
37,b-12-1-2,6,猫汐尔,,,还是说，不同物种之间产生爱的标志性反应不一样。,0,,,,,
38,b-12-1-3,6,猫汐尔,,,还真是复杂啊。,0,,,,,
40,b-12-2-0,6,猫汐尔,,,我想这里并没有第三个生物。,0,,,,,
41,b-12-2-1,6,猫汐尔,,,我应该再带上相应的设备来的。,0,,,,,
42,b-12-2-2,6,猫汐尔,,,这样就可以对我们的大脑进行实时监控，看是不是有数据支撑理论。,0,,,,,
49,,6,猫汐尔,,,找到了。,0,,,,,
52,,6,猫汐尔,,,禁止事项。,0,,,,,
53,,6,猫汐尔,,,你还没回答我的问题。,0,,,,,
4,,6,猫汐尔,,,一个，两个，三个，四个……,0,,,,,
6,,6,猫汐尔,,,十一，十二，十三……,0,,,,,
9,,2,猫汐尔,,,哦，是分析员，来吃晚饭喵？,0,,,,,
12,,2,猫汐尔,,,与其说不爱吃，不如说是尝不出来更贴切一点，对于你们人类来说可能不好理解，辣味是一种痛觉的喵。,0,,,,,
21,,2,猫汐尔,,,是的，吃辣椒对我来说，跟咀嚼塑料片也没有什么区别的喵。,0,,,,,
24,,2,猫汐尔,,,分析员，你的眼球有些小幅游移，似乎是对这个话题不自信的表现？,0,,,,,
26,,2,猫汐尔,,,哦？你该不会想说餐厅举办的耐辣王的竞赛吧？,0,,,,,
27,,2,猫汐尔,,,餐厅偶尔会举办的美食竞赛，吃掉最多辣椒的人可以获得一笔十分丰厚的奖金。,0,,,,,
29,,2,猫汐尔,,,可惜我一般会拒绝参加这类竞赛。,0,,,,,
31,,6,猫汐尔,,,尝不出辣味并不代表辣度带来的损伤也消失了，我对辣椒的耐受能力也不会因此而升高。,0,,,,,
32,,6,猫汐尔,,,如果以辣度为例子，假设分析员和我的耐辣程度都是五级，超过五级会对身体造成损伤。,0,,,,,
33,,6,猫汐尔,,,实际比赛中，痛觉就像根保险丝，分析员会因为痛觉的提示在五级左右放弃比赛，我就会像是一个失去保险丝的电器，超过五级直接短路。,0,,,,,
35,,6,猫汐尔,,,分析员没有必要道歉，失去痛觉确实让我思考问题的角度有别于他人。不过，我本人对于痛觉这个事情并不是十分在意。,0,,,,,
36,,6,猫汐尔,,,我只是认为，参加这个比赛的性价比太低了。,0,,,,,
38,,6,猫汐尔,,,如果以身体损伤为代价，员工餐厅提供的奖品未免也太少了些。,0,,,,,
40,,6,猫汐尔,,,是这样吗？,0,,,,,
3,,0,猫汐尔,,,四、五、六……,0,,,,,
5,,0,猫汐尔,,,似乎要处理的问题不少呀，你是怎么把自己弄成这样子的喵，会不会疼呀？,0,,,,,
7,,0,猫汐尔,,,你也不需要感谢我，都是一些我们公司不用的东西喵。,0,,,,,
13,,6,猫汐尔,,,我知道你很努力工作，但有时事情并不总是那么容易……,0,,,,,
20,,2,猫汐尔,,,喵？分析员你怎么来了？,0,,,,,
22,,2,猫汐尔,,,困扰？如果是指在任务过程中遇到的困难的话，也已经都顺利解决了，对应的报告分析员你应该可以查到喵。,0,,,,,
24,,2,猫汐尔,,,其他方面？在上次海姆达尔部队常规体检中，我的身体机能一切正常，身为天启者的力量也有所提升。,0,,,,,
25,,2,猫汐尔,,,分析员从你的面部微表情来看，你应该处在某种痛苦之中？,0,,,,,
28,,2,猫汐尔,,,这个吗，你有没有注意到它和一般的类思念体有什么不同，这个是不完全状态的！是我花了大力气和瑟瑞斯交换来的！,0,,,,,
29,,2,猫汐尔,,,而且你看，它还保有湮灭前碳基生物的部分形体。,0,,,,,
31,,2,猫汐尔,,,你看接缝处这些泰坦污染的痕迹，湮灭在它身上只进行到一半就停止了，我从未听说还有这样的类思念体，是不是很不可思议？,0,,,,,
32,,2,猫汐尔,,,不知道瑟瑞斯是靠什么手段得到的，分析员，你有什么线索吗喵？或许我们可以联手再找到一些？,0,,,,,
11,,6,猫汐尔,,,喵？分析员，你怎么来医务室了，是也受伤了吗？,0,,,,,
14,,6,猫汐尔,,,只是轻微的划伤，昨晚整理设备的时候被割破了，因为没有注意，流了很多的血，早上发现枕头上的血迹才发现的。,0,,,,,
15,,6,猫汐尔,,,医疗后勤已经做了处理，不过出于谨慎起见，她让我在这里观察一段时间再离开。,0,,,,,
16,,6,猫汐尔,,,分析员你找我有事喵？,0,,,,,
18,,6,猫汐尔,,,有什么问题吗？,0,,,,,
20,,6,猫汐尔,,,是的，我正在研究那个类思念体为什么中止了湮灭，我想先跟它聊一下。,0,,,,,
22,,6,猫汐尔,,,唔？你说的没错，类思念体不存在意识，无论是花之形还是身之形。这个结论在零区成立的第一年便被验证。,0,,,,,
23,,6,猫汐尔,,,可是这只鸽子的类思念体不一样。它的湮灭进程被中止，残留下来的可能不只是物质，不排除里面还保有鸽子意识的可能性。,0,,,,,
24,,6,猫汐尔,,,为什么湮灭会停止呢，会不会是这只鸽子做了什么？分析员，你不觉得这些未知很有趣吗？,0,,,,,
26,,6,猫汐尔,,,如果我能搞清楚其中的原理，或许能找到阻止湮灭的方法。如果这个“鸽子”还有意识，还能够感知外界，或许是一种全新的生命体。,0,,,,,
27,,6,猫汐尔,,,我觉得它对我的话是有反应的，分析员要不要也来试着感受一下？你的感觉总要比我敏锐许多喵。,0,,,,,
29,,6,猫汐尔,,,啊？,0,,,,,
38,,6,猫汐尔,,,我尝试了各种办法，但……样本太少了，如果有更多类似的样本，可能我会找到更准确的研究切入点。,0,,,,,
40,,6,猫汐尔,,,喵？分析员你准备帮我筹集样本？,0,,,,,
43,,6,猫汐尔,,,我突然对出任务有了新的动力了喵。,0,,,,,
4,,5,猫汐尔,,,在芬妮前辈根据“女性直觉”连选三次右转弯的前提下，确实会有很大概率回到出发点。,0,,,,,
9,,5,猫汐尔,,,根据卡罗琳发布的坐标来看，这次要摧毁的降临团集会点应该是在地下喵。,0,,,,,
11,,5,猫汐尔,,,下水道确实是一种有效的隐蔽手段，不过在泰坦降临事件后，这里的下水道出现过大面积坍塌，已经失去了原本的功能。,0,,,,,
13,,5,猫汐尔,,,是的，恐怕只有熟悉的人才能够在里面自由穿行。,0,,,,,
17,,5,猫汐尔,,,贸然下去的话，很可能会在里面迷路。,0,,,,,
20,,5,猫汐尔,,,请稍等，容我检索一下资料库……,0,,,,,
23,,5,猫汐尔,,,很可惜，资料库中只有很久前的下水道管线图，对于坍塌点的信息并没有更新。,0,,,,,
27,,5,猫汐尔,,,今天的天气是最近几天中唯一的晴天，温度也适宜，很适合外出野餐。,0,,,,,
29,,5,猫汐尔,,,芬妮前辈是不是开心了一些？书上说与人类交流中谈论天气可以让对方的心情变得愉悦。,0,,,,,
34,,5,猫汐尔,,,是可以的，我已经记录了芬妮前辈在那之后的路线选择。,0,,,,,
40,,5,猫汐尔,,,分析员竟然能在此时作出如此理性的分析，真是靠得住喵。,0,,,,,
41,,5,猫汐尔,,,书上说肯定别人每一次正确的决定，都会让对方加深对自己的信赖感。,0,,,,,
44,,5,猫汐尔,,,多亏了分析员的你的决定，在困难的情境下作出如此理智的判断实在让人佩服，这样我们才回到了地上。,0,,,,,
46,,5,猫汐尔,,,诶，这是我内心对分析员最真实的想法。,0,,,,,
4,,6,猫汐尔,,,这么快就拿到了数据，分析员和我的配合变得效率起来了喵。,0,,,,,
12,,6,猫汐尔,,,这样确实就万无一失了，那我负责查看周围有没有什么不安因子。,0,,,,,
13,,6,猫汐尔,,,请务必在数据传输完成前通知我喵，分析员。,0,,,,,
20,,6,猫汐尔,,,收到，是分析员身上那个歌唱者系统预警了吗？,0,,,,,
21,,6,猫汐尔,,,只有分析员能够使用的歌唱者系统……看来分析员也是某种未知呢。,0,,,,,
36,,0,猫汐尔,,,呼……幸好赶得及……,0,,,,,
37,,0,猫汐尔,,,不会疼还是有些用处的……,0,,,,,
47,,6,猫汐尔,,,分析员你来了。,0,,,,,
49,,6,猫汐尔,,,今天是个阴天，出门应该不需要考虑太阳晒伤了呢。,0,,,,,
51,,6,猫汐尔,,,看到分析员有些低落，不自觉地就使用了书上的东西。,0,,,,,
53,b-10-1-0,6,猫汐尔,,,不用谢的，当时分析员和重要的任务数据在一起，无论怎么想保护分析员都是性价比最高的选择。,0,,,,,
55,b-10-2-0,6,猫汐尔,,,分析员并不需要内疚，身为天启者的我虽然我会受一定程度的外伤，但并不会有性命之忧，分析员你就不一定了。,0,,,,,
56,b-10-2-1,6,猫汐尔,,,更何况我不会痛，这是经过计算后的最佳选择了。,0,,,,,
58,,6,猫汐尔,,,不管怎么说，分析员的性命值得我拯救，毕竟我还没有开始对你的研究呢。,0,,,,,
60,,6,猫汐尔,,,没想到又经历了一次“维修”呢……,0,,,,,
62,,6,猫汐尔,,,确实也有道理，分析员，能拜托你一件事吗？,0,,,,,
64,,6,猫汐尔,,,下次来探望时，能帮我把寝室里那本《人类社交话术大全》带来吗？,0,,,,,
G12PF.1,,,猫汐尔,,Play_Vo_prg12_girl012_01,这种战斗难度会不会太低了。,,,Girl.12PF.1,,2.897846,
G12PF.2,,,猫汐尔,,Play_Vo_prg12_girl012_02,我的计算不会有错。,,,Girl.12PF.2,,1.919433,
G12PF.3,,,猫汐尔,,Play_Vo_prg12_girl012_03,我说过，结局100%是胜利才对。,,,Girl.12PF.3,,3.579728,
G12aPF.1,,,猫汐尔,,Play_Vo_prg12a_girl012_01,分析员那边貌似也开始行动了。,,,Girl.12aPF.1,,2.363016,
G12aPF.4,,,猫汐尔,,Play_Vo_prg12a_girl012_02,啊，果然藏了奇怪的东西喵。,,,,,2.954626,
G12aPF.7,,,猫汐尔,,Play_Vo_prg12a_girl012_03,糟糕……,,,,,1.03805,
DLC3MACT5.1.1,,,猫汐尔,,Play_Vo_dlc3act5_girl012_1,除了水之影外，这里还有其他东西喵。,,,DLC3MACT5.1,,3.932993,
DLC3MACT5.1.2,,,猫汐尔,,Play_Vo_dlc3act5_girl012_2,“开垦之物……建筑之物……”,,,,,4.493424,
DLC3MACT5.1.3,,,猫汐尔,,Play_Vo_dlc3act5_girl012_3,“彼界的神明……将其空壳赐予现世我等……”,,,,,6.184762,
DLC3MACT5.1.4,,,猫汐尔,,Play_Vo_dlc3act5_girl012_4,“筑起祭坛……指引凡人脱离苦海……”,,,,,5.15941,
DLC3MACT5.1.5,,,猫汐尔,,Play_Vo_dlc3act5_girl012_5,唔…莫名其妙的既视感……果然和降临团的那帮人很像。,,,,,7.662925,
DLC3MACT5.2.1,,,猫汐尔,,Play_Vo_dlc3act5_girl012_6,这里也有壁画喵。,,,DLC3MACT5.2,,1.996689,
DLC3MACT5.2.2,,,猫汐尔,,Play_Vo_dlc3act5_girl012_7,“一个灵魂前往彼界……一个灵魂留于现世……”,,,,,5.832698,
DLC3MACT5.2.3,,,猫汐尔,,Play_Vo_dlc3act5_girl012_8,“肉体被焚烧殆尽……灰尘另门扉显现……”,,,,,6.062608,
DLC3MACT5.2.4,,,猫汐尔,,Play_Vo_dlc3act5_girl012_9,“由空壳铸成的祭坛……见证我等离去……”,,,,,5.925397,
DLC3MACT5.2.5,,,猫汐尔,,Play_Vo_dlc3act5_girl012_10,嗯…这个壁画上的祭坛，还没见到过。,,,,,5.491406,
DLC3MACT5.3.1,,,猫汐尔,,Play_Vo_dlc3act5_girl012_11,和另一边的风景完全不一样喵。,,,DLC3MACT5.3,,3.229705,
DLC3MACT6.1.2,,,猫汐尔,,Play_Vo_dlc3act6_girl012_1,嗯？那些大块头……是壁画里的空壳吗？,,,,,5.134036,
DLC3MACT6.1.3,,,猫汐尔,,Play_Vo_dlc3act6_girl012_2,总觉得和想象中的有些出入。,,,,,2.63805,
DLC3MACT8.1.2,,,猫汐尔,,Play_Vo_dlc3act8_girl012_1,逐光者？,,,,,1.091973,
DLC3MACT8.1.4,,,猫汐尔,,Play_Vo_dlc3act8_girl012_2,为什么会在这里出现……算了，顺手解决掉吧。,,,,,5.064716,
dlc3world1.1,,,猫汐尔,,Play_Vo_dlc3world1_girl012_01,唔喵，上面好像有字？,,,dlc3world1,,3.612177,
dlc3world1.2,,,猫汐尔,,Play_Vo_dlc3world1_girl012_02,不过一块碎片上的信息还是太少了喵。,,,,,4.71288,
dlc3world1.3,,,猫汐尔,,Play_Vo_dlc3world1_girl012_03,等找齐之后再看看吧。,,,,,2.42424,
dlc3world2.1,,,猫汐尔,,Play_Vo_dlc3world2_girl012_01,已经收集完了喵。,,,dlc3world2,,2.421225,
dlc3world2.2,,,猫汐尔,,Play_Vo_dlc3world2_girl012_02,不过还要花一点时间解读……,,,,,2.990521,
dlc3world2.3,,,猫汐尔,,Play_Vo_dlc3world2_girl012_03,那就听分析员的，先回码头集合好了。,,,,,4.315964,
dlc3world3.4,,,猫汐尔,,Play_Vo_dlc3world3_girl012_01,修正，我的年龄要比你大一些喵。,,,,,4.0239,
dlc3world4.5,,,猫汐尔,,Play_Vo_dlc3world5_girl012_01,那么，我要开始解读了喵。,,,,,2.666032,
dlc3world6.1,,,猫汐尔,,Play_Vo_dlc3world6_girl012_01,这是最后的区域了喵。,,,dlc3world6,,2.421746,
dlc3world7.2,,,猫汐尔,,Play_Vo_dlc3world7_girl012_01,太过顺利了，有种不好的预感喵。,,,,,4.539841,
dlc3world8.3,,,猫汐尔,,Play_Vo_dlc3world8_girl012_01,尚无定论。,,,,,1.777574,
dlc3world9.4,,,猫汐尔,,Play_Vo_dlc3world9_girl012_01,分析员，通道尽头貌似有什么有趣的东西喵。,,,,,5.959002,
dlc3world10.4,,,猫汐尔,,Play_Vo_dlc3world10_girl012_01,试一试就知道了喵。,,,,,3.411814,
dlc3world11.3,,,猫汐尔,,Play_Vo_dlc3world11_girl012_01,不一样，这里的是正品。,,,,,4.113855,
dlc3world11.5,,,猫汐尔,,Play_Vo_dlc3world11_girl012_02,下意识的感觉。,,,,,4.043719,
dlc3world12.5,,,猫汐尔,,Play_Vo_dlc3world12_girl012_01,嗯，他在说“好痛”。,,,,,5.17839,
dlc3world13.8,,,猫汐尔,,Play_Vo_dlc3world13_girl012_01,我们被骗了喵。,,,,,3.075329,
DLC11MACT5.1.1,,,猫汐尔,,Play_Vo_dlc11act5_girl012_01,不知不觉就轮到我出场了喵……,,,DLC11MACT5.1,,2.945215,
DLC11MACT5.1.2,,,猫汐尔,,Play_Vo_dlc11act5_girl012_02,唔？我应该表现得更积极一些吗？,,,,,3.981837,
DLC11MACT5.2.1,,,猫汐尔,,Play_Vo_dlc11act5_girl012_03,连续的浮空平台……,,,DLC11MACT5.2,,2.195374,
DLC11MACT5.2.2,,,猫汐尔,,Play_Vo_dlc11act5_girl012_04,“像猫咪一样跳过去”？,,,,,3.07229,
DLC11MACT5.2.3,,,猫汐尔,,Play_Vo_dlc11act5_girl012_05,都说了我不是猫……,,,,,2.021542,
DLC11MACT5.3.1,,,猫汐尔,,Play_Vo_dlc11act5_girl012_06,喵，平稳落地。,,,DLC11MACT5.3,,2.585556,
DLC11MACT5.3.3,,,猫汐尔,,Play_Vo_dlc11act5_girl012_08,那只是口癖而已，我随时都能换，嘎哦。,,,,,4.503651,
DLC11MACT5.4.1,,,猫汐尔,,Play_Vo_dlc11act5_girl012_09,有个大洞，小心不要掉下去汪。,,,DLC11MACT5.4,,3.007234,
DLC11MACT5.5.1,,,猫汐尔,,Play_Vo_dlc11act5_girl012_10,又是组合平台啾咪。,,,DLC11MACT5.5,,1.843379,
DLC11MACT5.6.1,,,猫汐尔,,Play_Vo_dlc11act5_girl012_11,好像已经快到终点了咩。,,,DLC11MACT5.6,,2.207324,
DLC11MACT5.6.2,,,猫汐尔,,Play_Vo_dlc11act5_girl012_12,嗯？你说还是更习惯我喵喵叫？,,,,,4.163039,
DLC11MACT5.6.3,,,猫汐尔,,Play_Vo_dlc11act5_girl012_13,收到喵，切换回喵喵模式。,,,,,3.021814,
DLC11MACT5.7.1,,,猫汐尔,,Play_Vo_dlc11act5_girl012_14,喵喵喵，喵喵喵~分析员，把罐头……啊不，把礼盒打开吧。,,,DLC11MACT5.7,,8.178594,
DLC11MACT7.2.5,,,猫汐尔,,Play_Vo_dlc11act7_girl012_01,真是个罪孽深重的男人喵。,,,,,2.611066,
DLC11MACT7.2.6,,,猫汐尔,,Play_Vo_dlc11act7_girl012_02,你们先撑住，我去解决拦路的电磁幕。,,,,,3.267891,
DLC11MACT7.3.2,,,猫汐尔,,Play_Vo_dlc11act7_girl012_03,快了喵，再撑一会儿。,,,,,2.160544,
DLC11MACT8.2.3,,,猫汐尔,,Play_Vo_dlc11act8_girl012_01,我也来帮忙喵。,,,,,1.385624,
17,,2,猫汐尔,,,遇到有趣的事情的话，分析员不要忘记叫上我喵。,0,,,,,
27,,2,猫汐尔,,,辰星，你脸红了，有什么话说不出口吗？,0,,,,,
35,,2,猫汐尔,,,和我们现在生活的地方完全不同喵。,0,,,,,
37,,2,猫汐尔,,,说不定还能采集到新的实验样本。,0,,,,,
